"Doc Symbol"	publicaion date	Jobs	EN	AR	discard	Index creation date	Lang available	Area
E/ESCWA/ECW/2017/TECHNICAL PAPER.2	09/05/2017	I1700318	WOMEN: ARAB HORIZON 2030			10/11/2017	EP	UNDOC
E/ESCWA/SDD/2017/TECHNICAL PAPER.8	01/11/2017	I1700489	SOCIAL DEVELOPMENT BULLETIN : INTERNATIONAL HUMAN RIGHTS LAW AND THE 2030 AGENDA FOR SUSTAINABLE DEVELOPMENT, VOLUME 6, ISSUE 3			10/11/2017	EP	UNDOC
E/ESCWA/SDPD/2017/TOOLKIT.3	06/11/2017	I1700505	DEVELOPING THE CAPACITY OF ESCWA MEMBER COUNTRIES TO ADDRESS THE WATER AND ENERGY NEXUS FOR ACHIEVING SUSTAINABLE DEVELOPMENT GOALS WATER AND ENERGY NEXUS OPERATIONAL TOOLKIT : TECHNOLOGY TRANSFER MODULE			10/11/2017	EP	UNDOC
E/ESCWA/SDPD/2017/WG.9/REPORT	12/09/2017	I1700529	REPORT : REGIONAL CAPACITY BUILDING WORKSHOP ON THE WATER-ENERGY NEXUS OPERATIONAL TOOLKIT: RENEWABLE ENERGY BEIRUT, 11-12 JULY 2017			13/11/2017	EP	UNDOC
E/ESCWA/ECW/2017/2	01/11/2017	I1700384	STATUS OF ARAB WOMEN REPORT 2017 : VIOLENCE AGAINST WOMEN : WHAT IS AT STAKE?			14/11/2017	EP	UNDOC
E/ESCWA/ECW/2017/TECHNICAL PAPER.4	18/07/2017	I1700422	ESTIMATING COSTS OF MARITAL VIOLENCE  IN THE ARAB REGION : OPERATIONAL MODEL			14/11/2017	EP	UNDOC
E/ESCWA/SDD/2016/CP.2	16/11/2016	I1600305	SOCIAL PROTECTION COUNTRY PROFILE: MAURITANIA			14/11/2017	EP	UNDOC
E/ESCWA/ECW/2017/3	19/09/2017	I1700412	WOMEN’S POLITICAL REPRESENTATION IN THE ARAB REGION			14/11/2017	EP	UNDOC
E/ESCWA/EDID/2017/TECHNICAL PAPER.11	17/08/2017	I1700495	THE EFFECT OF GOVERNANCE ON THE ALLOCATION OF EXPENDITURE AND THE DISTRIBUTION OF REVENUE: EVIDENCE FROM SELECTED ARAB COUNTRIES			14/11/2017	EP	UNDOC
E/ESCWA/EDID/2017/2	12/09/2017	I1700537	ARAB MULTIDIMENSIONAL POVERTY REPORT	التقرير العربي حول الفقر المتعدد الأبعاد		14/11/2017	EP AP	UNDOC
E/ESCWA/ECW/2017/TECHNICAL PAPER.5	03/10/2017	I1700589	POLICY BRIEF ROLE OF WOMEN IN PEACEBUILDING PROCESSES			14/11/2017	EP	UNDOC
E/ESCWA/ECRI/2017/BACKGROUND PAPER.1	08/05/2017	I1700319		اللامركزية في العراق: نظرة أخرى		27/11/2017	AP	UNDOC
E/ESCWA/SD/2017/WG.3/REPORT	27/09/2017	I1700573	REPORT : SECOND MEETING OF THE TASK FORCE ON THE POPULATION AND HOUSING CENSUSES IN ARAB COUNTRIES, 2020 CENSUS ROUND CAIRO, 22-23 JANUARY 2017	 تقرير:  الاجتماع الثاني  لفريق العمل الاقليمي للدول العربية حول دورة عام  2020 لتعدادات السكان والمساكن، القاهرة 22 - 23 كانون الثاني / يناير 2017		27/11/2017	EP AP	UNDOC
E/ESCWA/EDID/2017/1	01/12/2017	I1700601	SURVEY OF ECONOMIC AND SOCIAL DEVELOPMENTS IN THE ARAB REGION 2016-2017			08/12/2017	EP	UNDOC
E/ESCWA/ENR/1993/3	26/01/1993	I930043		WATER AND PEACE IN THE MIDDLE EAST		20/12/2017		UNDOC
E/ESCWA/EDID/2017/IG.3/INF.1	30/10/2017	I1700629	INFORMATION NOTE : ECONOMIC AND SOCIAL COMMISSION FOR WESTERN ASIA (ESCWA) COMMITTEE ON LIBERALIZATION OF FOREIGN TRADE, ECONOMIC GLOBALIZATION AND FINANCING FOR DEVELOPMENT, ELEVENTH SESSION (LIBERALIZATION OF FOREIGN TRADE), BEIRUT, 27 - 28 NOVEMBER 2017	مذكرة توضيحية :  اللجنة الاقتصادية والاجتماعية لغربي آسيا (الاسكوا). اللجنة المعنية بتحرير التجارة الخارجية والعولمة الاقتصادية وتمويل التنمية، الدورة الحادية عشرة (تحرير التجارة الخارجية)، بيروت، 27 - 28 تشرين الثاني/نوفمبر 2017		17/01/2018	EP AP	UNDOC
E/ESCWA/EDID/2017/IG.3/L.1	03/10/2017	I1700585	PROVISIONAL AGENDA AND ANNOTATIONS : ECONOMIC AND SOCIAL COMMISSION FOR WESTERN ASIA (ESCWA) COMMITTEE ON LIBERALIZATION OF FOREIGN TRADE, ECONOMIC GLOBALIZATION AND FINANCING FOR DEVELOPMENT, ELEVENTH SESSION (LIBERALIZATION OF FOREIGN TRADE), BEIRUT, 27 - 28 NOVEMBER 2017	جدول الاعمال المؤقت والشروح : اللجنة الاقتصادية والاجتماعية لغربي آسيا (الاسكوا). اللجنة المعنية بتحرير التجارة الخارجية والعولمة الاقتصادية وتمويل التنمية، الدورة الحادية عشرة (تحرير التجارة الخارجية)، بيروت، 27 - 28 تشرين الثاني/نوفمبر 2017		17/01/2018	EP AP	UNDOC
E/ESCWA/EDID/2017/IG.3/3(PART I)	17/08/2017	I1700468		التقدم المحرز في مجال تحرير التجارة الخارجية : تنفيذ التوصيات الصادرة عن اللجنة في دورتها العاشرة : اللجنة الاقتصادية والاجتماعية لغربي آسيا (الاسكوا). اللجنة المعنية بتحرير التجارة الخارجية والعولمة الاقتصادية وتمويل التنمية، الدورة الحادية عشرة (تحرير التجارة الخارجية)، بيروت، 27 - 28 تشرين الثاني/نوفمبر 2017		17/01/2018	AP	UNDOC
E/ESCWA/EDID/2017/IG.3/L.2	19/10/2017	I1700612	ORGANIZATION OF WORK : NOTE BY THE SECRETARIAT : ECONOMIC AND SOCIAL COMMISSION FOR WESTERN ASIA (ESCWA) COMMITTEE ON LIBERALIZATION OF FOREIGN TRADE, ECONOMIC GLOBALIZATION AND FINANCING FOR DEVELOPMENT, ELEVENTH SESSION (LIBERALIZATION OF FOREIGN TRADE), BEIRUT, 27 - 28 NOVEMBER 2017	تنظيم العمل : مذكرة من الامانة التنفيذية : اللجنة الاقتصادية والاجتماعية لغربي آسيا (الاسكوا). اللجنة المعنية بتحرير التجارة الخارجية والعولمة الاقتصادية وتمويل التنمية، الدورة الحادية عشرة (تحرير التجارة الخارجية)، بيروت، 27 - 28 تشرين الثاني/نوفمبر 2017		17/01/2018	EP AP	UNDOC
E/ESCWA/EDID/2017/IG.3/3(PART II)	17/08/2017	I1700493	PROGRESS ACHIEVED IN THE LIBERALIZATION OF FOREIGN TRADE : IMPLEMENTATION OF FOREIGN TRADE LIBERALIZATION ACTIVITIES UNDER THE ESCWA PROGRAMME OF WROK AND TECHNICAL COOPERATION SINCE THE TENTH SESSION OF THE COMMITTEE : ECONOMIC AND SOCIAL COMMISSION FOR WESTERN ASIA (ESCWA) COMMITTEE ON LIBERALIZATION OF FOREIGN TRADE, ECONOMIC GLOBALIZATION AND FINANCING FOR DEVELOPMENT, ELEVENTH SESSION (LIBERALIZATION OF FOREIGN TRADE), BEIRUT, 27 - 28 NOVEMBER 2017	التقدم المحرز في مجال تحرير التجارة الخارجية : تنفيذ الانشطة المتعلقة بتحرير التجارة الخارجية في اطار برنامج عمل الاسكوا وأنشطة التعاون الفني منذ الدورة العاشرة للجنة : اللجنة الاقتصادية والاجتماعية لغربي آسيا (الاسكوا). اللجنة المعنية بتحرير التجارة الخارجية والعولمة الاقتصادية وتمويل التنمية، الدورة الحادية عشرة (تحرير التجارة الخارجية)، بيروت، 27 - 28 تشرين الثاني/نوفمبر 2017		17/01/2018	EP AP	UNDOC
E/ESCWA/EDID/2017/IG.3/4	26/09/2017	I1700564		التجارة واهداف التنمية المستدامة : اللجنة الاقتصادية والاجتماعية لغربي آسيا (الاسكوا). اللجنة المعنية بتحرير التجارة الخارجية والعولمة الاقتصادية وتمويل التنمية، الدورة الحادية عشرة (تحرير التجارة الخارجية)، بيروت، 27 - 28 تشرين الثاني/نوفمبر 2017		17/01/2018	AP	UNDOC
E/ESCWA/EDID/2017/IG.3/5	11/08/2017	I1700472	IMPLEMENTATION OF TRADE FACILITATION MEASURES IN THE ARAB REGION : ECONOMIC AND SOCIAL COMMISSION FOR WESTERN ASIA (ESCWA) COMMITTEE ON LIBERALIZATION OF FOREIGN TRADE, ECONOMIC GLOBALIZATION AND FINANCING FOR DEVELOPMENT, ELEVENTH SESSION (LIBERALIZATION OF FOREIGN TRADE), BEIRUT, 27 - 28 NOVEMBER 2017	تنفيذ تدابير تسهيل التجارة في المنطقة العربية : اللجنة الاقتصادية والاجتماعية لغربي آسيا (الاسكوا). اللجنة المعنية بتحرير التجارة الخارجية والعولمة الاقتصادية وتمويل التنمية، الدورة الحادية عشرة (تحرير التجارة الخارجية)، بيروت، 27 - 28 تشرين الثاني/نوفمبر 2017		17/01/2018	EP AP	UNDOC
E/ESCWA/EDID/2017/IG.3/6	04/10/2017	I1700591	THE COST OF THE LACK OF ARAB-AFRICAN TRADE INTEGRATION : ECONOMIC AND SOCIAL COMMISSION FOR WESTERN ASIA (ESCWA) COMMITTEE ON LIBERALIZATION OF FOREIGN TRADE, ECONOMIC GLOBALIZATION AND FINANCING FOR DEVELOPMENT, ELEVENTH SESSION (LIBERALIZATION OF FOREIGN TRADE), BEIRUT, 27 - 28 NOVEMBER 2017	كلفة غياب التكامل التجاري العربي الافريقي : اللجنة الاقتصادية والاجتماعية لغربي آسيا (الاسكوا). اللجنة المعنية بتحرير التجارة الخارجية والعولمة الاقتصادية وتمويل التنمية، الدورة الحادية عشرة (تحرير التجارة الخارجية)، بيروت، 27 - 28 تشرين الثاني/نوفمبر 2017		17/01/2018	EP AP	UNDOC
E/ESCWA/EDID/2017/IG.3/7	04/10/2017	I1700590		التطور في مسار انشاء اتحاد جمركي عربي : اللجنة الاقتصادية والاجتماعية لغربي آسيا (الاسكوا). اللجنة المعنية بتحرير التجارة الخارجية والعولمة الاقتصادية وتمويل التنمية، الدورة الحادية عشرة (تحرير التجارة الخارجية)، بيروت، 27 - 28 تشرين الثاني/نوفمبر 2017		17/01/2018	AP	UNDOC
E/ESCWA/EDID/2017/IG.3/8	15/08/2017	I1700475	THE ROLE OF TRADE IN ECONOMIC TRANSFORMATION POLICIES : THE CASE OF JORDAN : ECONOMIC AND SOCIAL COMMISSION FOR WESTERN ASIA (ESCWA) COMMITTEE ON LIBERALIZATION OF FOREIGN TRADE, ECONOMIC GLOBALIZATION AND FINANCING FOR DEVELOPMENT, ELEVENTH SESSION (LIBERALIZATION OF FOREIGN TRADE), BEIRUT, 27 - 28 NOVEMBER 2017	دور التجارة في سياسات التحول الاقتصادي : الحالة الاردنية  : اللجنة الاقتصادية والاجتماعية لغربي آسيا (الاسكوا). اللجنة المعنية بتحرير التجارة الخارجية والعولمة الاقتصادية وتمويل التنمية، الدورة الحادية عشرة (تحرير التجارة الخارجية)، بيروت، 27 - 28 تشرين الثاني/نوفمبر 2017		17/01/2018	EP AP	UNDOC
E/ESCWA/EDID/2017/IG.3/9	26/09/2017	I1700566		الاتفاقات التجارية الدولية العملاقة وتداعياتها على الدول العربية : اللجنة الاقتصادية والاجتماعية لغربي آسيا (الاسكوا). اللجنة المعنية بتحرير التجارة الخارجية والعولمة الاقتصادية وتمويل التنمية، الدورة الحادية عشرة (تحرير التجارة الخارجية)، بيروت، 27 - 28 تشرين الثاني/نوفمبر 2017		17/01/2018	AP	UNDOC
E/ESCWA/EDID/2016/IG.1/4(PART I)/REV.1	03/10/2017	I1700581	THE ROLE OF TRANSPORT IN THE CONNECTIVITY TO GLOBAL VALUE CHAINS : ECONOMIC AND SOCIAL COMMISSION FOR WESTERN ASIA (ESCWA) COMMITTEE ON LIBERALIZATION OF FOREIGN TRADE, ECONOMIC GLOBALIZATION AND FINANCING FOR DEVELOPMENT, ELEVENTH SESSION (LIBERALIZATION OF FOREIGN TRADE), BEIRUT, 27 - 28 NOVEMBER 2017	دور النقل في تعزيز الاتصال بسلاسل القيمة العالمية : اللجنة الاقتصادية والاجتماعية لغربي آسيا (الاسكوا). اللجنة المعنية بتحرير التجارة الخارجية والعولمة الاقتصادية وتمويل التنمية، الدورة الحادية عشرة (تحرير التجارة الخارجية)، بيروت، 27 - 28 تشرين الثاني/نوفمبر 2017		17/01/2018	EP AP	UNDOC
E/ESCWA/EDID/2017/IG.3/10	16/08/2017	I1700491	PROPOSED PROGRAMME OF WORK FOR THE BIENNIUM 2018 - 2019 IN THE FIELD OF FOREIGN TRADE LIBERALIZATION : ECONOMIC AND SOCIAL COMMISSION FOR WESTERN ASIA (ESCWA) COMMITTEE ON LIBERALIZATION OF FOREIGN TRADE, ECONOMIC GLOBALIZATION AND FINANCING FOR DEVELOPMENT, ELEVENTH SESSION (LIBERALIZATION OF FOREIGN TRADE), BEIRUT, 27 - 28 NOVEMBER 2017	برنامج العمل المقترح لفترة السنتين 2018 - 2019 في مجال تحرير التجارة الخارجية : اللجنة الاقتصادية والاجتماعية لغربي آسيا (الاسكوا). اللجنة المعنية بتحرير التجارة الخارجية والعولمة الاقتصادية وتمويل التنمية، الدورة الحادية عشرة (تحرير التجارة الخارجية)، بيروت، 27 - 28 تشرين الثاني/نوفمبر 2017		17/01/2018	EP AP	UNDOC
E/ESCWA/EDID/2017/IG.2/INF.2	08/11/2017	I1700666	LIST OF DOCUMENTS : ECONOMIC AND SOCIAL COMMISSION FOR WESTERN ASIA (ESCWA) COMMITTEE ON LIBERALIZATION OF FOREIGN TRADE, ECONOMIC GLOBALIZATION AND FINANCING FOR DEVELOPMENT, TWELFTH SESSION (FINANCING FOR DEVELOPMENT), BEIRUT, 4 - 5 DECEMBER 2017	قائمة بالوثائق : اللجنة الاقتصادية والاجتماعية لغربي آسيا (الاسكوا). اللجنة المعنية بتحرير التجارة الخارجية والعولمة الاقتصادية وتمويل التنمية، الدورة الثانية عشرة (تمويل التنمية)، بيروت، 4 - 5 كانون الاول/ديسمبر 2017		17/01/2018	EP AP	UNDOC
E/ESCWA/EDID/2017/IG.2/INF.1	06/11/2017	I1700659	INFORMATION NOTE : ECONOMIC AND SOCIAL COMMISSION FOR WESTERN ASIA (ESCWA) COMMITTEE ON LIBERALIZATION OF FOREIGN TRADE, ECONOMIC GLOBALIZATION AND FINANCING FOR DEVELOPMENT, TWELFTH SESSION (FINANCING FOR DEVELOPMENT), BEIRUT, 4 - 5 DECEMBER 2017	مذكرة توضيحية : اللجنة الاقتصادية والاجتماعية لغربي آسيا (الاسكوا). اللجنة المعنية بتحرير التجارة الخارجية والعولمة الاقتصادية وتمويل التنمية، الدورة الثانية عشرة (تمويل التنمية)، بيروت، 4 - 5 كانون الاول/ديسمبر 2017		17/01/2018	EP AP	UNDOC
E/ESCWA/EDID/2017/IG.2/L.1	13/10/2017	I1700606	PROVISIONAL AGENDA AND ANNOTATIONS : ECONOMIC AND SOCIAL COMMISSION FOR WESTERN ASIA (ESCWA) COMMITTEE ON LIBERALIZATION OF FOREIGN TRADE, ECONOMIC GLOBALIZATION AND FINANCING FOR DEVELOPMENT, TWELFTH SESSION (FINANCING FOR DEVELOPMENT), BEIRUT, 4 - 5 DECEMBER 2017	جدول الاعمال المؤقت والشروح : اللجنة الاقتصادية والاجتماعية لغربي آسيا (الاسكوا). اللجنة المعنية بتحرير التجارة الخارجية والعولمة الاقتصادية وتمويل التنمية، الدورة الثانية عشرة (تمويل التنمية)، بيروت، 4 - 5 كانون الاول/ديسمبر 2017		17/01/2018	EP AP	UNDOC
E/ESCWA/EDID/2017/IG.2/L.2	24/10/2017	I1700622	ORGANIZATION OF WORK : NOTE BY THE SECRETARIAT : ECONOMIC AND SOCIAL COMMISSION FOR WESTERN ASIA (ESCWA) COMMITTEE ON LIBERALIZATION OF FOREIGN TRADE, ECONOMIC GLOBALIZATION AND FINANCING FOR DEVELOPMENT, TWELFTH SESSION (FINANCING FOR DEVELOPMENT), BEIRUT, 4 - 5 DECEMBER 2017	تنظيم الاعمال : مذكرة من الامانة التنفيذية : اللجنة الاقتصادية والاجتماعية لغربي آسيا (الاسكوا). اللجنة المعنية بتحرير التجارة الخارجية والعولمة الاقتصادية وتمويل التنمية، الدورة الثانية عشرة (تمويل التنمية)، بيروت، 4 - 5 كانون الاول/ديسمبر 2017		17/01/2018	EP AP	UNDOC
E/ESCWA/EDID/2017/IG.2/3	09/11/2017	I1700668	ACTIONS TAKEN IN THE FIELD OF FINANCING FOR DEVELOPMENT : ECONOMIC AND SOCIAL COMMISSION FOR WESTERN ASIA (ESCWA) COMMITTEE ON LIBERALIZATION OF FOREIGN TRADE, ECONOMIC GLOBALIZATION AND FINANCING FOR DEVELOPMENT, TWELFTH SESSION (FINANCING FOR DEVELOPMENT), BEIRUT, 4 - 5 DECEMBER 2017	التقدم المحرز في مجال تمويل التنمية : اللجنة الاقتصادية والاجتماعية لغربي آسيا (الاسكوا). اللجنة المعنية بتحرير التجارة الخارجية والعولمة الاقتصادية وتمويل التنمية، الدورة الثانية عشرة (تمويل التنمية)، بيروت، 4 - 5 كانون الاول/ديسمبر 2017		17/01/2018	EP AP	UNDOC
E/ESCWA/EDID/2017/IG.2/3 (PART II)	09/08/2017	I1700465	ACTIONS TAKEN IN THE FIELD OF FINANCING FOR DEVELOPMENT : IMPLEMENTATION OF ACTIVITIES RELATED TO FINANCING FOR DEVELOPMENT UNDER THE ESCWA PROGRAMME OF WORK SINCE THE PREVIOUS SESSION OF THE COMMITTEE :  ECONOMIC AND SOCIAL COMMISSION FOR WESTERN ASIA (ESCWA) COMMITTEE ON LIBERALIZATION OF FOREIGN TRADE, ECONOMIC GLOBALIZATION AND FINANCING FOR DEVELOPMENT, TWELFTH SESSION (FINANCING FOR DEVELOPMENT), BEIRUT, 4 - 5 DECEMBER 2017	التقدم المحرز في مجال تمويل التنمية : تنفيذ الانشطة المتعلقة بتمويل التنمية في اطار برنامج عمل الاسكوا منذ الدورة السابقة للجنة : اللجنة الاقتصادية والاجتماعية لغربي آسيا (الاسكوا). اللجنة المعنية بتحرير التجارة الخارجية والعولمة الاقتصادية وتمويل التنمية، الدورة الثانية عشرة (تمويل التنمية)، بيروت، 4 - 5 كانون الاول/ديسمبر 2017		17/01/2018	EP AP	UNDOC
E/ESCWA/EDID/2017/IG.2/3 (PART I)	09/08/2017	I1700461	ACTIONS TAKEN IN THE FIELD OF FINANCING FOR DEVELOPMENT : IMPLEMENTATION OF RECOMMENDATIONS MADE BY THE COMMITTEE AT ITS PREVIOUS SESSION : ECONOMIC AND SOCIAL COMMISSION FOR WESTERN ASIA (ESCWA) COMMITTEE ON LIBERALIZATION OF FOREIGN TRADE, ECONOMIC GLOBALIZATION AND FINANCING FOR DEVELOPMENT, TWELFTH SESSION (FINANCING FOR DEVELOPMENT), BEIRUT, 4 - 5 DECEMBER 2017	التقدم المحرز في مجال تمويل التنمية : تنفيذ التوصيات الصادرة عن اللجنة في دورتها السابقة : اللجنة الاقتصادية والاجتماعية لغربي آسيا (الاسكوا). اللجنة المعنية بتحرير التجارة الخارجية والعولمة الاقتصادية وتمويل التنمية، الدورة الثانية عشرة (تمويل التنمية)، بيروت، 4 - 5 كانون الاول/ديسمبر 2017		17/01/2018	EP AP	UNDOC
E/ESCWA/EDID/2017/IG.2/4	15/08/2017	I1700482	IMPLEMENTATION MECHANISMS OF THE ADDIS ABABA ACTION AGENDA : GLOBAL   COMMITMENTS VERSUS ARAB PRIORITIES IN THE FIELD OF FINANCING FOR DEVELOPMENT : ECONOMIC AND SOCIAL COMMISSION FOR WESTERN ASIA (ESCWA) COMMITTEE ON LIBERALIZATION OF FOREIGN TRADE, ECONOMIC GLOBALIZATION AND FINANCING FOR DEVELOPMENT, TWELFTH SESSION (FINANCING FOR DEVELOPMENT), BEIRUT, 4 - 5 DECEMBER 2017	آليات تنفيذ خطة عمل اديس ابابا : الالتزامات العالمية مقابل اولويات المنطقة العربية في مجال تمويل التنمية : اللجنة الاقتصادية والاجتماعية لغربي آسيا (الاسكوا). اللجنة المعنية بتحرير التجارة الخارجية والعولمة الاقتصادية وتمويل التنمية، الدورة الثانية عشرة (تمويل التنمية)، بيروت، 4 - 5 كانون الاول/ديسمبر 2017		17/01/2018	EP AP	UNDOC
E/ESCWA/EDID/2017/IG.2/5	09/11/2017	I1700670	THE ARAB FINANCING FOR DEVELOPMENT SCORECARD : ECONOMIC AND SOCIAL COMMISSION FOR WESTERN ASIA (ESCWA) COMMITTEE ON LIBERALIZATION OF FOREIGN TRADE, ECONOMIC GLOBALIZATION AND FINANCING FOR DEVELOPMENT, TWELFTH SESSION (FINANCING FOR DEVELOPMENT), BEIRUT, 4 - 5 DECEMBER 2017	بطاقة اداء تمويل التنمية في المنطقة العربية : اللجنة الاقتصادية والاجتماعية لغربي آسيا (الاسكوا). اللجنة المعنية بتحرير التجارة الخارجية والعولمة الاقتصادية وتمويل التنمية، الدورة الثانية عشرة (تمويل التنمية)، بيروت، 4 - 5 كانون الاول/ديسمبر 2017		17/01/2018	EP AP	UNDOC
E/ESCWA/EDID/2017/IG.2/5(PART I)	15/08/2017	I1700477	THE ARAB FINANCING FOR DEVELOPMENT SCORECARD : ECONOMIC AND SOCIAL COMMISSION FOR WESTERN ASIA (ESCWA) COMMITTEE ON LIBERALIZATION OF FOREIGN TRADE, ECONOMIC GLOBALIZATION AND FINANCING FOR DEVELOPMENT, TWELFTH SESSION (FINANCING FOR DEVELOPMENT), BEIRUT, 4 - 5 DECEMBER 2017	بطاقة اداء تمويل التنمية في المنطقة العربية : لمحة عن النتائج : اللجنة الاقتصادية والاجتماعية لغربي آسيا (الاسكوا). اللجنة المعنية بتحرير التجارة الخارجية والعولمة الاقتصادية وتمويل التنمية، الدورة الثانية عشرة (تمويل التنمية)، بيروت، 4 - 5 كانون الاول/ديسمبر 2017		18/01/2018	EP AP	UNDOC
E/ESCWA/EDID/2017/IG.2/5(PART II)	15/08/2017	I1700483	THE ARAB FINANCING FOR DEVELOPMENT SCORECARD : DOMESTIC PUBLIC RESOURCES : ECONOMIC AND SOCIAL COMMISSION FOR WESTERN ASIA (ESCWA) COMMITTEE ON LIBERALIZATION OF FOREIGN TRADE, ECONOMIC GLOBALIZATION AND FINANCING FOR DEVELOPMENT, TWELFTH SESSION (FINANCING FOR DEVELOPMENT), BEIRUT, 4 - 5 DECEMBER 2017	بطاقة اداء تمويل التنمية في المنطقةالعربية : الموارد العامة المحلية : اللجنة الاقتصادية والاجتماعية لغربي آسيا (الاسكوا). اللجنة المعنية بتحرير التجارة الخارجية والعولمة الاقتصادية وتمويل التنمية، الدورة الثانية عشرة (تمويل التنمية)، بيروت، 4 - 5 كانون الاول/ديسمبر 2017		18/01/2018	EP AP	UNDOC
E/ESCWA/EDID/2017/IG.2/5(PART III)	11/08/2017	I1700470	THE ARAB FINANCING FOR DEVELOPMENT SCORECARD : DOMESTIC AND INTERNATIONAL PRIVATE BUSINESS AND FINANCE : ECONOMIC AND SOCIAL COMMISSION FOR WESTERN ASIA (ESCWA) COMMITTEE ON LIBERALIZATION OF FOREIGN TRADE, ECONOMIC GLOBALIZATION AND FINANCING FOR DEVELOPMENT, TWELFTH SESSION (FINANCING FOR DEVELOPMENT), BEIRUT, 4 - 5 DECEMBER 2017	بطاقة اداء تمويل التنمية في المنطقة العربية : الاعمال التجارية والتمويلية الخاصة المحلية والدولية : اللجنة الاقتصادية والاجتماعية لغربي آسيا (الاسكوا). اللجنة المعنية بتحرير التجارة الخارجية والعولمة الاقتصادية وتمويل التنمية، الدورة الثانية عشرة (تمويل التنمية)، بيروت، 4 - 5 كانون الاول/ديسمبر 2017		18/01/2018	EP AP	UNDOC
E/ESCWA/EDID/2017/IG.2/5(PART IV)	15/08/2017	I1700479	THE ARAB FINANCING FOR DEVELOPMENT SCORECARD : INTERNATIONAL DEVELOPMENT COOPERATION : ECONOMIC AND SOCIAL COMMISSION FOR WESTERN ASIA (ESCWA) COMMITTEE ON LIBERALIZATION OF FOREIGN TRADE, ECONOMIC GLOBALIZATION AND FINANCING FOR DEVELOPMENT, TWELFTH SESSION (FINANCING FOR DEVELOPMENT), BEIRUT, 4 - 5 DECEMBER 2017	بطاقة اداء تمويل التنمية في المنطقة العربية : التعاون الانمائي الدولي : اللجنة الاقتصادية والاجتماعية لغربي آسيا (الاسكوا). اللجنة المعنية بتحرير التجارة الخارجية والعولمة الاقتصادية وتمويل التنمية، الدورة الثانية عشرة (تمويل التنمية)، بيروت، 4 - 5 كانون الاول/ديسمبر 2017		18/01/2018	EP AP	UNDOC
E/ESCWA/EDID/2017/IG.2/5(PART V)	09/08/2017	I1700458	THE ARAB FINANCING FOR DEVELOPMENT SCORECARD : INTERNATIONAL TRADE AS AN ENGINE FOR DEVELOPMENT : ECONOMIC AND SOCIAL COMMISSION FOR WESTERN ASIA (ESCWA) COMMITTEE ON LIBERALIZATION OF FOREIGN TRADE, ECONOMIC GLOBALIZATION AND FINANCING FOR DEVELOPMENT, TWELFTH SESSION (FINANCING FOR DEVELOPMENT), BEIRUT, 4 - 5 DECEMBER 2017	بطاقة اداء تمويل التنمية في المنطقة العربية : التجارة الدولية كمحرك للتنمية : اللجنة الاقتصادية والاجتماعية لغربي آسيا (الاسكوا). اللجنة المعنية بتحرير التجارة الخارجية والعولمة الاقتصادية وتمويل التنمية، الدورة الثانية عشرة (تمويل التنمية)، بيروت، 4 - 5 كانون الاول/ديسمبر 2017		18/01/2018	EP AP	UNDOC
E/ESCWA/EDID/2017/IG.2/5(PART VI)	16/07/2017	I1700485	THE ARAB FINANCING FOR DEVELOPMENT SCORECARD : DEBT AND DEBT SUSTAINABILITY : ECONOMIC AND SOCIAL COMMISSION FOR WESTERN ASIA (ESCWA) COMMITTEE ON LIBERALIZATION OF FOREIGN TRADE, ECONOMIC GLOBALIZATION AND FINANCING FOR DEVELOPMENT, TWELFTH SESSION (FINANCING FOR DEVELOPMENT), BEIRUT, 4 - 5 DECEMBER 2017	بطاقة اداء تمويل التنمية في المنطقة العربية : الديون والقدرة على تحملها : اللجنة الاقتصادية والاجتماعية لغربي آسيا (الاسكوا). اللجنة المعنية بتحرير التجارة الخارجية والعولمة الاقتصادية وتمويل التنمية، الدورة الثانية عشرة (تمويل التنمية)، بيروت، 4 - 5 كانون الاول/ديسمبر 2017		18/01/2018	EP AP	UNDOC
E/ESCWA/EDID/2017/IG.2/6	09/11/2017	I1700672	FINANCING THE 2030 AGENDA FOR SUSTAINABLE DEVELOPMENT IN THE ARAB COUNTRIES : ECONOMIC AND SOCIAL COMMISSION FOR WESTERN ASIA (ESCWA) COMMITTEE ON LIBERALIZATION OF FOREIGN TRADE, ECONOMIC GLOBALIZATION AND FINANCING FOR DEVELOPMENT, TWELFTH SESSION (FINANCING FOR DEVELOPMENT), BEIRUT, 4 - 5 DECEMBER 2017	تمويل خطة التنمية المستدامة لعام 2030 في المنطقة العربية : اللجنة الاقتصادية والاجتماعية لغربي آسيا (الاسكوا). اللجنة المعنية بتحرير التجارة الخارجية والعولمة الاقتصادية وتمويل التنمية، الدورة الثانية عشرة (تمويل التنمية)، بيروت، 4 - 5 كانون الاول/ديسمبر 2017		18/01/2018	EP AP	UNDOC
E/ESCWA/EDID/2017/IG.2/7	09/08/2017	I1700456	FEASIBILITY OF  AN ARAB FORUM ON FINANCING FOR DEVELOPMENT : ECONOMIC AND SOCIAL COMMISSION FOR WESTERN ASIA (ESCWA) COMMITTEE ON LIBERALIZATION OF FOREIGN TRADE, ECONOMIC GLOBALIZATION AND FINANCING FOR DEVELOPMENT, TWELFTH SESSION (FINANCING FOR DEVELOPMENT), BEIRUT, 4 - 5 DECEMBER 2017	جدوى انشاء منتدى عربي لتمويل التنمية : اللجنة الاقتصادية والاجتماعية لغربي آسيا (الاسكوا). اللجنة المعنية بتحرير التجارة الخارجية والعولمة الاقتصادية وتمويل التنمية، الدورة الثانية عشرة (تمويل التنمية)، بيروت، 4 - 5 كانون الاول/ديسمبر 2017		18/01/2018	EP AP	UNDOC
E/ESCWA/EDID/2017/IG.2/6/PANEL	09/08/2018	I1700462	FINANCING THE  2030 AGENDA FOR SUSTAINABLE DEVELOPMENT IN THE ARAB REGION : DOMESTIC RESOURCE MOBILIZATION BY CURBING ILLICIT FINANCIAL FLOWS AND TRADE MISINFORMING (PANEL DISCUSSION) : ECONOMIC AND SOCIAL COMMISSION FOR WESTERN ASIA (ESCWA) COMMITTEE ON LIBERALIZATION OF FOREIGN TRADE, ECONOMIC GLOBALIZATION AND FINANCING FOR DEVELOPMENT, TWELFTH SESSION (FINANCING FOR DEVELOPMENT), BEIRUT, 4 - 5 DECEMBER 2017	تمويل خطة التنمية لعام 2030 في المنطقة العربية : تعبئة الموارد المحلية من خلال كبح التدفقات المالية غير المشروعة والتلاعب بالفواتير التجارية (حلقة نقاش) : اللجنة الاقتصادية والاجتماعية لغربي آسيا (الاسكوا). اللجنة المعنية بتحرير التجارة الخارجية والعولمة الاقتصادية وتمويل التنمية، الدورة الثانية عشرة (تمويل التنمية)، بيروت، 4 - 5 كانون الاول/ديسمبر 2017		18/01/2018	EP AP	UNDOC
E/ESCWA/EDID/2017/IG.2/8	09/08/2017	I1700454	PROPOSED PROGRAMME OF WORK FOR THE BIENNIUM 2018 - 2019 IN THE FIELD OF FINANCING FOR DEVELOPMENT : ECONOMIC AND SOCIAL COMMISSION FOR WESTERN ASIA (ESCWA) COMMITTEE ON LIBERALIZATION OF FOREIGN TRADE, ECONOMIC GLOBALIZATION AND FINANCING FOR DEVELOPMENT, TWELFTH SESSION (FINANCING FOR DEVELOPMENT), BEIRUT, 4 - 5 DECEMBER 2017	برنامج العمل المقترح لفترة السنتين 2018 - 2019 في مجال تمويل التنمية : اللجنة الاقتصادية والاجتماعية لغربي آسيا (الاسكوا). اللجنة المعنية بتحرير التجارة الخارجية والعولمة الاقتصادية وتمويل التنمية، الدورة الثانية عشرة (تمويل التنمية)، بيروت، 4 - 5 كانون الاول/ديسمبر 2017		18/01/2018	EP AP	UNDOC
E/ESCWA/SD/2017/IG.1/7/REPORT	09/10/2017	I1700598	REPORT : TWELFTH SESSION OF THE STATISTICAL COMMITTEE, BEIRUT, 4 - 5 APRIL 2017	تقرير اللجنة الاحصائية عن دورتها الثانية عشرة، بيروت، 4 -5 نيسان/ابريل 2017		18/01/2018	EP AP	UNDOC
E/ESCWA/EDID/2017/IG.3/3	16/11/2018	I1700661	PROGRESS ACHIEVED IN THE LIBERALIZATION OF FOREIGN TRADE : ECONOMIC AND SOCIAL COMMISSION FOR WESTERN ASIA (ESCWA) COMMITTEE ON LIBERALIZATION OF FOREIGN TRADE, ECONOMIC GLOBALIZATION AND FINANCING FOR DEVELOPMENT, ELEVENTH SESSION (LIBERALIZATION OF FOREIGN TRADE), BEIRUT, 27 - 28 NOVEMBER 2017	التقدم المحرز في مجال تحرير التجارة الخارجية : اللجنة الاقتصادية والاجتماعية لغربي آسيا (الاسكوا). اللجنة المعنية بتحرير التجارة الخارجية والعولمة الاقتصادية وتمويل التنمية، الدورة الحادية عشرة (تحرير التجارة الخارجية)، بيروت، 27 - 28 تشرين الثاني/نوفمبر 2017		18/01/2018	EP AP	UNDOC
E/ESCWA/SDPD/2017/IG.2/8/REPORT	01/08/2017	I1700437	REPORT OF THE ELEVENTH SESSION OF THE COMMITTEE ON ENERGY, CAIRO, 14 - 16 MAY 2017	تقرير لجنة الطاقة عن دورتها الحادية عشرة، القاهرة، 14 - 16 ايار/مايو 2017		18/01/2018	EP AP	UNDOC
E/ESCWA/EDID/2017/IG.3/INF.2	01/11/2018	I1700648	LIST OF DOCUMENTS : ECONOMIC AND SOCIAL COMMISSION FOR WESTERN ASIA (ESCWA) COMMITTEE ON LIBERALIZATION OF FOREIGN TRADE, ECONOMIC GLOBALIZATION AND FINANCING FOR DEVELOPMENT, ELEVENTH SESSION (LIBERALIZATION OF FOREIGN TRADE), BEIRUT, 27 - 28 NOVEMBER 2017	قائمة بالوثائق : اللجنة الاقتصادية والاجتماعية لغربي آسيا (الاسكوا). اللجنة المعنية بتحرير التجارة الخارجية والعولمة الاقتصادية وتمويل التنمية، الدورة الحادية عشرة (تحرير التجارة الخارجية)، بيروت، 27 - 28 تشرين الثاني/نوفمبر 2017		18/01/2018	EP AP	UNDOC
E/ESCWA/EDID/2017/IG.1/INF.1	30/10/2017	I1700632	INFORMATION NOTE : ECONOMIC AND SOCIAL COMMISSION FOR WESTERN ASIA (ESCWA), COMMITTEE ON TRANSPORT AND LOGISTICS, EIGHTEENTH SESSION, 20 - 21 DECEMBER 2017	مذكرة توضيحية :  اللجنة الاقتصادية والاجتماعية لغربي آسيا (الاسكوا). لجنة النقل واللوجستيات، الدورة الثامنة عشرة، بيروت، 20-21 كانون الاول/ديسمبر 2017		22/01/2018	EP AP	UNDOC
E/ESCWA/EDID/2017/IG.1/INF.2	13/12/2017	I1700778	LIST OF DOCUMENTS : ECONOMIC AND SOCIAL COMMISSION FOR WESTERN ASIA (ESCWA), COMMITTEE ON TRANSPORT AND LOGISTICS, EIGHTEENTH SESSION, 20 - 21 DECEMBER 2017	قائمة بالوثائق : اللجنة الاقتصادية والاجتماعية لغربي آسيا (الاسكوا). لجنة النقل واللوجستيات، الدورة الثامنة عشرة، بيروت، 20-21 كانون الاول/ديسمبر 2017		22/01/2018	EP AP	UNDOC
E/ESCWA/EDID/2017/IG.1/L.1	03/10/2017	I1700583	PROVISIONAL AGENDA AND ANNOTATIONS : ECONOMIC AND SOCIAL COMMISSION FOR WESTERN ASIA (ESCWA), COMMITTEE ON TRANSPORT AND LOGISTICS, EIGHTEENTH SESSION, 20 - 21 DECEMBER 2017	جدول الاعمال المؤقت والشروح : اللجنة الاقتصادية والاجتماعية لغربي آسيا (الاسكوا). لجنة النقل واللوجستيات، الدورة الثامنة عشرة، بيروت، 20-21 كانون الاول/ديسمبر 2017		22/01/2018	EP AP	UNDOC
E/ESCWA/EDID/2017/IG.1/3	11/08/2017	I1700466		تنفيذ الانشطة المتعلقة بالنقل واللوجستيات في اطار برنامج عمل الاسكوا والتعاون الفني منذ الدورة السابعة عشرة للجنة النقل واللوجستيات : اللجنة الاقتصادية والاجتماعية لغربي آسيا (الاسكوا). لجنة النقل واللوجستيات، الدورة الثامنة عشرة، بيروت، 20-21 كانون الاول/ديسمبر 2017		22/01/2018	AP	UNDOC
E/ESCWA/EDID/2017/IG.1/L.2	24/10/2017	I1700618	ORGANIZATION OF WORK : ECONOMIC AND SOCIAL COMMISSION FOR WESTERN ASIA (ESCWA), COMMITTEE ON TRANSPORT AND LOGISTICS, EIGHTEENTH SESSION, 20 - 21 DECEMBER 2017	تنظيم الاعمال : مذكرة من الامانة التنفيذية : اللجنة الاقتصادية والاجتماعية لغربي آسيا (الاسكوا). لجنة النقل واللوجستيات، الدورة الثامنة عشرة، بيروت، 20-21 كانون الاول/ديسمبر 2017		22/01/2018	EP AP	UNDOC
E/ESCWA/EDID/2017/IG.1/4	29/11/2017	I1700575	ESCWA VISION FOR A MULTIMODIAL TRANSPORT SYSTEM IN THE ARAB REGION : ECONOMIC AND SOCIAL COMMISSION FOR WESTERN ASIA (ESCWA), COMMITTEE ON TRANSPORT AND LOGISTICS, EIGHTEENTH SESSION, 20 - 21 DECEMBER 2017	رؤية الاسكوا لتطوير نظام نقل متعدد الانماط في المنطقة العربية : اللجنة الاقتصادية والاجتماعية لغربي آسيا (الاسكوا). لجنة النقل واللوجستيات، الدورة الثامنة عشرة، بيروت، 20-21 كانون الاول/ديسمبر 2017		22/01/2018	EP AP	UNDOC
E/ESCWA/EDID/2017/IG.1/5	03/10/2017	I1700739	THE ROLE OF TRANSPORT IN THE CONNECTIVITY TO GLOBAL VALUE CHAINS : ECONOMIC AND SOCIAL COMMISSION FOR WESTERN ASIA (ESCWA), COMMITTEE ON TRANSPORT AND LOGISTICS, EIGHTEENTH SESSION, 20 - 21DECEMBER 2017	دور النقل في تعزيز الاتصال بسلاسل القيمة العالمية : اللجنة الاقتصادية والاجتماعية لغربي آسيا (الاسكوا). لجنة النقل واللوجستيات، الدورة الثامنة عشرة، بيروت، 20-21 كانون الاول/ديسمبر 2017		22/01/2018	EP AP	UNDOC
E/ESCWA/EDID/2017/IG.1/6	07/08/2017	I1700446	LOGISTICS PERFORMANCE INDEX IN THE ARAB REGION : COMPONENTS, METHODOLOGY AND SCORES : ECONOMIC AND SOCIAL COMMISSION FOR WESTERN ASIA (ESCWA), COMMITTEE ON TRANSPORT AND LOGISTICS, EIGHTEENTH SESSION, 20 - 21DECEMBER 2017	مؤشر الاداء اللوجستي في المنطقة العربية : مكوناته ومنهجية اعداده ومستوياته : اللجنة الاقتصادية والاجتماعية لغربي آسيا (الاسكوا). لجنة النقل واللوجستيات، الدورة الثامنة عشرة، بيروت، 20-21 كانون الاول/ديسمبر 2017		22/01/2018	EP AP	UNDOC
E/ESCWA/EDID/2017/IG.1/7	11/08/2017	I1700741	IMPLEMENTATION OF TRADE FACILITATION MEASURES IN THE ARAB REGION : ECONOMIC AND SOCIAL COMMISSION FOR WESTERN ASIA (ESCWA), COMMITTEE ON TRANSPORT AND LOGISTICS, EIGHTEENTH SESSION, 20 - 21DECEMBER 2017	تنفيذ تدابير تسهيل التجارة في المنطقة العربية : اللجنة الاقتصادية والاجتماعية لغربي آسيا (الاسكوا). لجنة النقل واللوجستيات، الدورة الثامنة عشرة، بيروت، 20-21 كانون الاول/ديسمبر 2017		22/01/2018	EP AP	UNDOC
E/ESCWA/EDID/2017/IG.1/8	15/12/2017	I1700783	ROAD SAFETY IN THE ARAB STATES AND CHALLENGES TO IMPLEMENTING THE DECADE OF ACTION FOR ROAD SAFETY 2011 - 2020 : ECONOMIC AND SOCIAL COMMISSION FOR WESTERN ASIA (ESCWA), COMMITTEE ON TRANSPORT AND LOGISTICS, EIGHTEENTH SESSION, 20 - 21 DECEMBER 2017	سلامة المرور في الدول العربية وتحديات تنفيذ عقد العمل من اجل السلامة على الطرق 2011 - 2020 : اللجنة الاقتصادية والاجتماعية لغربي آسيا (الاسكوا). لجنة النقل واللوجستيات، الدورة الثامنة عشرة، بيروت، 20-21 كانون الاول/ديسمبر 2017		22/01/2018	EP AP	UNDOC
E/ESCWA/SDD/2017/IG.1/6/REPORT	20/11/2017	I1700704		تقرير لجنة التنمية عن دورتها الحادية عشرة، الخرطوم، 17 - 18 تشرين الاول/اكتوبر 2017		22/01/2018	AP	UNDOC
E/ESCWA/2017/EC.4/INF.2	11/12/2017	I1700755	LIST OF DOCUMENTS : ECONOMIC AND SOCIAL COMMISSION FOR WESTERN ASIA (ESCWA). EXECUTIVE COMMITTEE, FOURTH MEETING, BEIRUT, 13 - 14 DECEMBER 2017	قائمة بالوثائق : اللجنة الاقتصادية والاجتماعية لغربي آسيا. اللجنة التنفيذية، الاجتماع الرابع، بيروت، 13 - 14 كانون الاول/ديسمبر 2017		23/01/2018	EP AP	UNDOC
E/ESCWA/2017/EC.4/INF.1	29/11/2017	I1700737	INFORMATION NOTE : ECONOMIC AND SOCIAL COMMISSION FOR WESTERN ASIA (ESCWA). EXECUTIVE COMMITTEE, FOURTH MEETING, BEIRUT, 13 - 14 DECEMBER 2017	مذكرة توضيحية : اللجنة الاقتصادية والاجتماعية لغربي آسيا. اللجنة التنفيذية، الاجتماع الرابع، بيروت، 13 - 14 كانون الاول/ديسمبر 2017		23/01/2018	EP AP	UNDOC
E/ESCWA/2017/EC.4/L.1	11/12/2017	I1700735	PROVISIONAL AGENDA AND ANNOTATIONS : ECONOMIC AND SOCIAL COMMISSION FOR WESTERN ASIA (ESCWA). EXECUTIVE COMMITTEE, FOURTH MEETING, BEIRUT, 13 - 14 DECEMBER 2017	جدول الاعمال المؤقت : اللجنة الاقتصادية والاجتماعية لغربي آسيا. اللجنة التنفيذية، الاجتماع الرابع، بيروت، 13 - 14 كانون الاول/ديسمبر 2017		23/01/2018	EP AP	UNDOC
E/ESCWA/2017/EC.4/L.2	08/12/2017	I1700762	ORGANIZATION OF WORK : NOTE BY THE SECRETARIAT : ECONOMIC AND SOCIAL COMMISSION FOR WESTERN ASIA (ESCWA). EXECUTIVE COMMITTEE, FOURTH MEETING, BEIRUT, 13 - 14 DECEMBER 2017	تنظيم الاعمال : مذكرة من الامانة التنفيذية  : اللجنة الاقتصادية والاجتماعية لغربي آسيا. اللجنة التنفيذية، الاجتماع الرابع، بيروت، 13 - 14 كانون الاول/ديسمبر 2017		23/01/2018	EP AP	UNDOC
E/ESCWA/2017/EC.4/3	05/12/2017	I1700752	FOLLOW-UP ISSUES : ECONOMIC AND SOCIAL COMMISSION FOR WESTERN ASIA (ESCWA). EXECUTIVE COMMITTEE, FOURTH MEETING, BEIRUT, 13 - 14 DECEMBER 2017	قضايا المتابعة : اللجنة الاقتصادية والاجتماعية لغربي آسيا. اللجنة التنفيذية، الاجتماع الرابع، بيروت، 13 - 14 كانون الاول/ديسمبر 2017		23/01/2018	EP AP	UNDOC
E/ESCWA/2017/EC.4/3(PART II)	28/11/2017	I1700720	FOLLOW-UP ISSUES : ACTION TAKEN PURSUANT TO THE DOHA DECLARATION ON THE IMPLEMENTATION OF THE 2030 AGENDA FOR SUSTAINABLE DEVELOPMENT IN THE ARAB STATES : ECONOMIC AND SOCIAL COMMISSION FOR WESTERN ASIA (ESCWA). EXECUTIVE COMMITTEE, FOURTH MEETING, BEIRUT, 13 - 14 DECEMBER 2017	قضايا المتابعة : تنفيذ اعلان الدوحة بشأن خطة التنمية المستدامة لعام 2030 في الدول العربية : اللجنة الاقتصادية والاجتماعية لغربي آسيا. اللجنة التنفيذية، الاجتماع الرابع، بيروت، 13 - 14 كانون الاول/ديسمبر 2017		23/01/2018	EP AP	UNDOC
E/ESCWA/2017/EC.4/3(PART I)	28/11/2017	I1700722	FOLLOW-UP ISSUES : IMPLEMENTATION OF RECOMMENDATIONS MADE BY THE EXECUTIVE COMMITTEE AT ITS THIRD MEETING : ECONOMIC AND SOCIAL COMMISSION FOR WESTERN ASIA (ESCWA). EXECUTIVE COMMITTEE, FOURTH MEETING, BEIRUT, 13 - 14 DECEMBER 2017	قضايا المتابعة : تنفيذ التوصيات الصادرة عن اللجنة التنفيذية في اجتماعها الثالث : اللجنة الاقتصادية والاجتماعية لغربي آسيا. اللجنة التنفيذية، الاجتماع الرابع، بيروت، 13 - 14 كانون الاول/ديسمبر 2017		23/01/2018	EP AP	UNDOC
E/ESCWA/2017/EC.4/4(PART II)	01/11/2017	I1700644	REGIONAL AND GLOBAL ISSUES : IMPLEMENTATION MECHANISMS OF THE ADDIS ABABA ACTION AGENDA : GLOBAL COMMITMENTS VERSUS ARAB PRIORITIES IN THE FIELD OF FINANCING FOR DEVELOPMENT : ECONOMIC AND SOCIAL COMMISSION FOR WESTERN ASIA (ESCWA). EXECUTIVE COMMITTEE, FOURTH MEETING, BEIRUT, 13 - 14 DECEMBER 2017	القضايا الاقليمية والعالمية : آليات تنفيذ خطة عمل اديس ابابا : الالتزامات العالمية مقابل اولويات المنطقة العربية في مجال تمويل التنمية : اللجنة الاقتصادية والاجتماعية لغربي آسيا. اللجنة التنفيذية، الاجتماع الرابع، بيروت، 13 - 14 كانون الاول/ديسمبر 2017		23/01/2018	EP AP	UNDOC
E/ESCWA/2017/EC.4/4(PART V)	15/11/2017	I1700688	REGIONAL AND GLOBAL ISSUES : MULTIDIMENSIONAL POVERTY IN THE ARAB REGION : ECONOMIC AND SOCIAL COMMISSION FOR WESTERN ASIA (ESCWA). EXECUTIVE COMMITTEE, FOURTH MEETING, BEIRUT, 13 - 14 DECEMBER 2017	القضايا الاقليمية والعالمية : الفقر المتعدد الابعاد في المنطقة العربية : اللجنة الاقتصادية والاجتماعية لغربي آسيا. اللجنة التنفيذية، الاجتماع الرابع، بيروت، 13 - 14 كانون الاول/ديسمبر 2017		23/01/2018	EP AP	UNDOC
E/ESCWA/2017/EC.4/4(PART III)	20/11/2018	I1700702	REGIONAL AND GLOBAL ISSUES : PROPOSAL FOR ESTABLISHING AN ARAB CENTRE FOR CLIMATE POLICIES : ECONOMIC AND SOCIAL COMMISSION FOR WESTERN ASIA (ESCWA). EXECUTIVE COMMITTEE, FOURTH MEETING, BEIRUT, 13 - 14 DECEMBER 2017	القضايا الاقليمية والعالمية : مقترح بشأن تخصيص مركز عربي لسياسات المناخ : اللجنة الاقتصادية والاجتماعية لغربي آسيا. اللجنة التنفيذية، الاجتماع الرابع، بيروت، 13 - 14 كانون الاول/ديسمبر 2017		23/01/2018	EP AP	UNDOC
E/ESCWA/2017/EC.4/4(PART I)	01/11/2017	I1700642	REGIONAL AND GLOBAL ISSUES : THE ARAB FINANCING FOR DEVELOPMENT SCORECARD : OVERALL RESULTS : ECONOMIC AND SOCIAL COMMISSION FOR WESTERN ASIA (ESCWA). EXECUTIVE COMMITTEE, FOURTH MEETING, BEIRUT, 13 - 14 DECEMBER 2017	القضايا الاقليمية والعالمية : بطاقة اداء تمويل التنمية في المنطقة العربية : لمحة عن النتائج : اللجنة الاقتصادية والاجتماعية لغربي آسيا. اللجنة التنفيذية، الاجتماع الرابع، بيروت، 13 - 14 كانون الاول/ديسمبر 2017		23/01/2018	EP AP	UNDOC
E/ESCWA/2017/EC.4/4(PART VII)	01/11/2017	I1700646	REGIONAL AND GLOBAL ISSUES : THE ECONOMIC COST OF VIOLENCE AGAINST WOMEN : ECONOMIC AND SOCIAL COMMISSION FOR WESTERN ASIA (ESCWA). EXECUTIVE COMMITTEE, FOURTH MEETING, BEIRUT, 13 - 14 DECEMBER 2017	حساب التكلفة الاقتصادية للعنف ضد المرأة : اللجنة الاقتصادية والاجتماعية لغربي آسيا. اللجنة التنفيذية، الاجتماع الرابع، بيروت، 13 - 14 كانون الاول/ديسمبر 2017		23/01/2018	EP AP	UNDOC
E/ESCWA/2017/EC.4/4(PART VI)	02/11/2017	I1700650	REGIONAL AND GLOBAL ISSUES : ESCWA VISION ON POST-CONFLICT RECOVERY : TOWARDS MORE EFFECTIVE DEVELOPMENT OUTCOMES : ECONOMIC AND SOCIAL COMMISSION FOR WESTERN ASIA (ESCWA). EXECUTIVE COMMITTEE, FOURTH MEETING, BEIRUT, 13 - 14 DECEMBER 2017	القضايا الاقليمية والعالمية : رؤية الاسكوا للانعاش بعد انتهاء النزاع : نتائج انمائية اكثر فعالية  : اللجنة الاقتصادية والاجتماعية لغربي آسيا. اللجنة التنفيذية، الاجتماع الرابع، بيروت، 13 - 14 كانون الاول/ديسمبر 2017		23/01/2018	EP AP	UNDOC
E/ESCWA/2017/EC.4/5	05/12/2017	I1700754	SESSION REPORTS OF ESCWA SUBSIDIARY BODIES : ECONOMIC AND SOCIAL COMMISSION FOR WESTERN ASIA (ESCWA). EXECUTIVE COMMITTEE, FOURTH MEETING, BEIRUT, 13 - 14 DECEMBER 2017	تقارير الهيئات الفرعية للاسكوا عن دوراتها : اللجنة الاقتصادية والاجتماعية لغربي آسيا. اللجنة التنفيذية، الاجتماع الرابع، بيروت، 13 - 14 كانون الاول/ديسمبر 2017		23/01/2018	EP AP	UNDOC
E/ESCWA/2017/EC.4/4	12/12/2017	I1700753	REGIONAL AND GLOBAL ISSUES : ECONOMIC AND SOCIAL COMMISSION FOR WESTERN ASIA (ESCWA). EXECUTIVE COMMITTEE, FOURTH MEETING, BEIRUT, 13 - 14 DECEMBER 2017	القضايا الاقليمية والعالمية : اللجنة الاقتصادية والاجتماعية لغربي آسيا. اللجنة التنفيذية، الاجتماع الرابع، بيروت، 13 - 14 كانون الاول/ديسمبر 2017		23/01/2018	EP AP	UNDOC
E/ESCWA/2017/EC.4/6	24/11/2017	I1700716		برنامج التعاون الفني في الاسكوا : التقدم المحرز في تنفيذ الانشطة المقررة : اللجنة الاقتصادية والاجتماعية لغربي آسيا. اللجنة التنفيذية، الاجتماع الرابع، بيروت، 13 - 14 كانون الاول/ديسمبر 2017		23/01/2018	AP	UNDOC
E/ESCWA/ECW/2017/TECHNICAL PAPER.6	18/10/2017	I1700609	POLICY BRIEF ON ARAB WOMEN’S ECONOMIC EMPOWERMENT			23/01/2018	EP	UNDOC
E/ESCWA/SDPD/2017/TECHNICAL PAPER.2	27/12/2017	I1700680	GUIDEBOOK FOR PROJECT DEVELOPERS FOR PREPARING RENEWABLE ENERGY INVESTMENTS BUSINESS PLANS 			23/01/2018	EP	UNDOC
E/ESCWA/EDID/2017/4/SUMMARY	23/01/2017	I1700733	RETHINKING FISCAL POLICY FOR THE ARAB REGION: SUMMARY	إعادة النظر في السياسة المالية للمنطقة العربية : موجز		23/01/2018	EP AP	UNDOC
E/ESCWA/SDD/2017/COUNTRY PROFILES	26/12/2017	I1700631	THE DEMOGRAPHIC PROFILES OF ARAB STATES, 2017			23/01/2018	EP	UNDOC
E/ESCWA/2017/EC.4/7	04/12/2017	I1700743		التحضيرات الجارية للدورة الثلاثين للاسكو1 : اللجنة الاقتصادية والاجتماعية لغربي آسيا. اللجنة التنفيذية، الاجتماع الرابع، بيروت، 13 - 14 كانون الاول/ديسمبر 2017		23/01/2018	AP	UNDOC
E/ESCWA/SDD/2017/TECHNICAL PAPER.12	24/10/2017	I1700624	AGEING IN ESCWA MEMBER STATES: THIRD REVIEW AND APPRAISAL OF THE MADRID INTERNATIONAL PLAN OF ACTION ON AGEING			23/01/2018	EP	UNDOC
E/ESCWA/SDPD/2017/TECHNICAL PAPER.4	14/11/2017	I1700683	FACT SHEET: NATURAL GAS VEHICLE IN TRANSPORTATION IN THE ARAB REGION			25/01/2018	EP	UNDOC
E/ESCWA/SDPD/2017/TECHNICAL PAPER.10	21/12/2017	I1700792	PROGRESS ON SUSTAINABLE CONSUMPTION AND PRODUCTION IN THE ARAB REGION (DRAFT) : COMPREHENSIVE BASELINE ASSESSMENT OF REGIONAL, SUB-REGIONAL AND NATIONAL PROGRESS AND CHALLENGES FOR ACHIEVING SCP AND THE SDGS			25/01/2018	EP	UNDOC
E/ESCWA/SDPD/2017/TECHNICAL PAPER.15	08/01/2018	I1800015		تأثير ترشيد دعم أسعار الطاقة على الترويج لكفاءة الطاقة والطاقة المتجددة في الدول العربية ، كانون الأول/ديسمبر 2017		25/01/2018	AP	UNDOC
E/ESCWA/SDPD/2018/TECHNICAL PAPER.14	08/01/2018	I1800014	REPORT ON CARBON CAPTURE UTILIZATION AND STORAGE CHALLENGES AND OPPORTUNITIES FOR THE ARAB REGION			25/01/2018	EP	UNDOC
E/ESCWA/SDPD/2015/2/MANUAL	04/06/2015	I1500301	PROMOTING ENERGY EFFICIENCY INVESTMENTS FOR CLIMATE CHANGE MITIGATION AND SUSTAINABLE DEVELOPMENT : A GUIDEBOOK FOR PROJECT DEVELOPERS FOR PREPARING ENERGY EFFICIENCY INVESTMENTS BUSINESS PLANS			25/01/2018	EP	UNDOC
E/ESCWA/SDPD/2017/TECHNICAL PAPER.13	03/01/2018	I1800003	OVERVIEW OF SHARED WATER RESOURCES MANAGEMENT IN THE ARAB REGION FOR INFORMING PROGRESS ON SDG 6.5			25/01/2018	EP	UNDOC
E/ESCWA/SDPD/2017/TECHNICAL PAPER.8	08/12/2017	I1700764	SUBSIDY REFORM AND ENVIRONMENTAL SUSTAINABILITY IN THE ARAB REGION : WORKING PAPER			25/01/2018	EP	UNDOC
E/ESCWA/SDPD/2013/PAMPHLET.3	01/08/2013	I1300203	REGIONAL INITIATIVE FOR THE ASSESSMENT OF THE IMPACT OF CLIMATE CHANGE ON WATER RESOURCES AND SOCIO-ECONOMIC VULNERABILITY IN THE ARAB REGION (RICCAR) 			25/01/2018	EP	UNDOC
E/ESCWA/SDPD/2017/TECHNICAL PAPER.11	21/12/2017	I1700793	METHODOLOGY FOR MEASURING SUSTAINABLE DEVELOPMENT TARGETS AND INDICATORS RELATED TO FOOD SECURITY: A REVIEW OF SELECTED METHODOLOGIES TO ASSESS FOOD SECURITY			25/01/2018	EP	UNDOC
E/ESCWA/SDPD/2014/WP.1	16/12/2014	I1400366	AN ACCOUNTABILITY FRAMEWORK FOR THE POST-2015 DEVELOPMENT AGENDA: AN ARAB REGIONAL PERSPECTIVE			25/01/2018	EP	UNDOC
E/ESCWA/SDPD/2017/PAMPHLET.1	26/12/2017	I1700798	GREEN HELP DESKS FURTH﻿ER GREEN TECHNOLOGIES IN THE ARAB REGION GREEN HELP DESKS IN SIX ARAB COUNTRIES SUPPORTING TECHNOLOGY TRANSFER			25/01/2018	EP	UNDOC
E/ESCWA/SDPD/2017/TECHNICAL PAPER.9	11/12/2017	I1700767	REDUCING FOOD LOSS AND WASTE THROUGH THE IMPLEMENTATION OF THE SDGS AND THE ADOPTION OF GOOD AGRICULTURAL PRACTICES IN THE ARAB REGION			25/01/2018	EP	UNDOC
E/ESCWA/SDD/2017/TECHNICAL PAPER.7	01/08/2017	I1700439	SOCIAL HOUSING IN THE ARAB REGION: AN OVERVIEW OF POLICIES FOR LOW-INCOME HOUSEHOLDS’ ACCESS TO ADEQUATE HOUSING			25/01/2018	EP	UNDOC
E/ESCWA/SDPD/2017/TECHNICAL PAPER.12	21/12/2017	I1700794	ENHANCING ENVIRONMENTAL PROTECTION IN THE ARAB REGION THROUGH IMPLEMENTING THE ENVIRONMENTAL DIMENSION OF SDGS			25/01/2018	EP	UNDOC
E/ESCWA/OES/2015/WP.1	22/12/2015	I1500537	DOES GENDER JUSTICE MATTER ?			25/01/2018	EP	UNDOC
E/ESCWA/OES/2015/WP.7	29/12/2015	I1500554	OPPORTUNITIES FOR EARLY CHILDHOOD DEVELOPMENT IN ARAB COUNTRIES: PROFILE AND EVOLUTION OF INEQUALITY AND ITS SOURCES			25/01/2018	EP	UNDOC
E/ESCWA/SDD/2017/2	25/01/2017	I1700605	STRENGTHENING SOCIAL PROTECTION FOR PERSONS WITH DISABILITIES IN ARAB COUNTRIES 			25/01/2018	EP	UNDOC
E/ESCWA/SDD/2016/TECHNICAL PAPER.4	20/09/2016	I1600242	WORKING PAPER : SLUM UPGRADING IN THE ARAB REGION			25/01/2018	EP	UNDOC
E/ESCWA/OES/2015/WP.6	22/12/2015	I1500547	THE ROLE OF WOMEN NGOS IN EMPOWERING WOMEN IN LEBANON: A LIFE-LONG PARTNER TO GENDER JUSTICE?			25/01/2018	EP	UNDOC
E/ESCWA/OES/2015/WP.2	22/12/2015	I1500539	DEVELOPMENT POLICY CHANGE ODELS THE PRACTITIONERS’ VIEW			25/01/2018	EP	UNDOC
E/ESCWA/OES/2015/WP.4	22/12/2015	I1500543	ECONOMIC GROWTH, EMPLOYMENT AND POVERTY IN DEVELOPING ECONOMIES: A FOCUS ON ARAB REGION			25/01/2018	EP	UNDOC
E/ESCWA/OES/2015/WP.3	22/12/2015	I1500545	INEQUALITY OF OPPORTUNITY IN EDUCATION IN THE ARAB REGION			25/01/2018	EP	UNDOC
E/ESCWA/OES/2015/WP.8	29/12/2015	I1500556	PERCEPTIONS OF INEQUALITY AND SOCIAL JUSTICE IN THE ARAB REGION			25/01/2018	EP	UNDOC
E/ESCWA/SDD/2017/TECHNICAL PAPER.3	10/05/2017	I1700328	INTERGENERATIONAL JUSTICE: MEETING THE NEEDS OF THE FUTURE ARAB GENERATIONS			25/01/2018	EP	UNDOC
E/ESCWA/SDD/2017/TECHNICAL PAPER.1	16/01/2017	I1700198	INEQUALITY IN THE SDGS : FIGHTING MULTIDIMENSIONAL INEQUALITY IN THE ARAB REGION			25/01/2018	EP	UNDOC
E/ESCWA/SDD/2017/TECHNICAL PAPER.4	19/05/2017	I1700336	CONDITIONAL CASH TRANSFERS IN THE ARAB REGION			25/01/2018	EP	UNDOC
E/ESCWA/SDD/2013/5/MANUAL	13/03/2013	I1300320		السياسة الوطنية للشباب : دليل مرجعي		25/01/2018	AP	UNDOC
E/ESCWA/SDD/2017/TECHNICAL PAPER.14	21/11/2017	I1700707	CHANGES IN PUBLIC EXPENDITURE ON SOCIAL PROTECTION IN ARAB COUNTRIES			25/01/2018	EP	UNDOC
E/ESCWA/SDD/2017/TECHNICAL PAPER.5	19/05/2017	I1700337	THE SOCIAL IMPACTS OF ENERGY SUBSIDY REFORM IN THE ARAB REGION			25/01/2018	EP	UNDOC
E/ESCWA/SDD/2013/4/MANUAL	25/01/2013	I1300319		السياسة الوطنية للشباب : تقرير تقني حول القضايا والأولويات والسياسات المتعلقة بالشباب في بعض الدول العربية		25/01/2018	AP	UNDOC
E/ESCWA/SDPD/2015/WP.3	13/03/2015	I1500193		المجتمع المدني ومهام المساءلة والمحاسبة في اطار خطة ما بعد 2015		25/01/2018	AP	UNDOC
E/ESCWA/ECW/2017/IG.1/7/REPORT	21/11/2017	I1700708	REPORT : EIGHTH SESSION OF THE COMMITTEE ON WOMEN, BEIRUT, 4 - 5 OCTOBER 2017	تقرير لجنة المرأة عن دورتها الثامنة، بيروت، 4 - 5 تشرين الاول/اكتوبر 2017		29/01/2018	EP AP	UNDOC
E/ESCWA/SDD/2018/PAMPHLET.1	30/01/2018	I1800001	ESCWA APPROACH TO KEY SOCIAL GROUPS AND EMERGING ISSUES IN THE ARAB REGION			30/01/2018	EP	UNDOC
E/ESCWA/ECW/2017/4	24/12/2017	I1700572	THE STATE OF GENDER JUSTICE IN THE ARAB REGION			13/02/2018	EP	UNDOC
E/ESCWA/SDPD/2017/2	13/02/2017	I1700790	ARAB REGION PROGRESS IN SUSTAINABLE ENERGY : GLOBAL TRACKING FRAMEWORK REGIONAL REPORT			13/02/2018	EP	UNDOC
E/ESCWA/EDID/2017/IG.1/9/REPORT	11/01/2018	I1800021		تقرير لجنة النقل واللوجستيات عن دورتها الثامنة عشرة، بيروت، 20 - 21 كانون الأول/ديسمبر 2017		19/02/2018	AP	UNDOC
E/ESCWA/EDID/2017/IG.2/9/REPORT	16/01/2018	I1800023		تقرير اللجنة المعنية بتحرير التجارة الخارجية والعولمة الاقتصادية وتمويل التنمية عن دورتها الثانية عشرة(تمويل التنمية)، بيروت، 4 - 5 كانون الأول/ديسمبر 2017		19/02/2018	AP	UNDOC
E/ESCWA/SDD/2018/PAMPHLET.2	20/02/2018	I1800031	OBSERVANCE OF THE ELEVENTH WORLD DAY OF SOCIAL JUSTICE “CELEBRATING EQUALITY AND JUSTICE IN THE WORK OF GIBRAN KHALIL GIBRAN” TUESDAY, 20 FEBRUARY 2018, UNITED NATIONS HOUSE, BEIRUT	الاحتفال الحادي عشر باليوم العالمي للعدالة الاجتماعية “المساواة والعدالة في الأعمال الأدبية والفنية لجبران خليل جبران”، الثلاثاء 20 شباط/فبراير 2018، بيت الأمم المتحدة، بيروت		20/02/2018	EP AP	UNDOC
E/ESCWA/SDD/2017/TECHNICAL PAPER.16	24/01/2018	I1800042		الأطر الدولية التي تعالج قضايا كبار السن والشيخوخة		28/02/2018	AP	UNDOC
